 SET NAMES utf8mb4 ;

CREATE DATABASE /*!32312 IF NOT EXISTS*/ `Mock_CP_Data` /*!40100 DEFAULT CHARACTER SET utf8 */;

USE `Mock_CP_Data`;

DROP TABLE IF EXISTS `Products`;

CREATE TABLE `Products` (
    `Product_ID` INT NOT NULL,
    `Product_Name` VARCHAR(255) CHARACTER SET utf8 NOT NULL,
    `Quantity` INT NOT NULL,
    `Price` NUMERIC(5, 2) NOT NULL,
	PRIMARY KEY (`Product_ID`)
);

LOCK TABLES `Products` WRITE;
INSERT INTO `Products` VALUES (101,'นม',93,130.5),
	(102,'ขนมปัง',99,105.37),
	(103,'ไข่',184,82.4),
	(104,'ชีส',166,86.91),
	(105,'น้ำอัดลม',25,26.31),
	(106,'น้ำส้ม',96,120.84),
	(107,'เนื้อหมู',143,120.27),
	(108,'เนื้อวัว',171,25.03),
	(109,'กุ้ง',124,86.12),
	(110,'ปลา',31,39.23),
	(111,'ข้าวสาร',29,40.07),
	(112,'พาสต้า',61,131.86),
	(113,'ซอสมะเขือเทศ',110,92.57),
	(114,'ผงซักฟอก',94,39.06),
	(115,'น้ำยาล้างจาน',117,102.7),
	(116,'น้ำมันพืช',59,138.08),
	(117,'ช็อกโกแลต',184,106.04),
	(118,'ชา',157,24.87),
	(119,'กาแฟ',184,95.57),
	(120,'น้ำมันหอย',191,99.47);
UNLOCK TABLES;

DROP TABLE IF EXISTS `Branches`;

CREATE TABLE `Branches` (
    `Branch_ID` INT NOT NULL,
    `Branch_Name` VARCHAR(9) CHARACTER SET utf8 NOT NULL,
	PRIMARY KEY (`Branch_ID`)
);



LOCK TABLES `Branches` WRITE;
INSERT INTO `Branches` VALUES (1,'ลาดพร้าว'),
	(2,'บางนา'),
	(3,'สาทร'),
	(4,'อารีย์'),
	(5,'ห้วยขวาง'),
	(6,'ปทุมวัน'),
	(7,'บางรัก'),
	(8,'คลองเตย'),
	(9,'ธนบุรี'),
	(10,'จตุจักร'),
	(11,'พญาไท'),
	(12,'เยาวราช'),
	(13,'สีลม'),
	(14,'ปิ่นเกล้า'),
	(15,'รังสิต'),
	(16,'นนทบุรี');
UNLOCK TABLES;

DROP TABLE IF EXISTS `Employees`;

CREATE TABLE `Employees` (
    `Employee_ID` INT NOT NULL,
    `Employee_Name` VARCHAR(255) CHARACTER SET utf8 NOT NULL,
    `Branch_ID` INT NOT NULL,
	PRIMARY KEY (`Employee_ID`),
	FOREIGN KEY (`Branch_ID`) REFERENCES `Branches` (`Branch_ID`)
);

LOCK TABLES `Employees` WRITE;
INSERT INTO `Employees` VALUES (201,'พนักงาน1',1),
	(202,'พนักงาน2',1),
	(203,'พนักงาน3',1),
	(204,'พนักงาน4',1),
	(205,'พนักงาน5',2),
	(206,'พนักงาน6',2),
	(207,'พนักงาน7',2),
	(208,'พนักงาน8',2),
	(209,'พนักงาน9',3),
	(210,'พนักงาน10',3),
	(211,'พนักงาน11',3),
	(212,'พนักงาน12',3),
	(213,'พนักงาน13',4),
	(214,'พนักงาน14',4),
	(215,'พนักงาน15',4),
	(216,'พนักงาน16',4),
	(217,'พนักงาน17',5),
	(218,'พนักงาน18',5),
	(219,'พนักงาน19',5),
	(220,'พนักงาน20',5),
	(221,'พนักงาน21',6),
	(222,'พนักงาน22',6),
	(223,'พนักงาน23',6),
	(224,'พนักงาน24',6),
	(225,'พนักงาน25',7),
	(226,'พนักงาน26',7),
	(227,'พนักงาน27',7),
	(228,'พนักงาน28',7),
	(229,'พนักงาน29',8),
	(230,'พนักงาน30',8),
	(231,'พนักงาน31',8),
	(232,'พนักงาน32',8);
UNLOCK TABLES;

DROP TABLE IF EXISTS `Sales`;

CREATE TABLE `Sales` (
    `Sales_ID` INT NOT NULL,
    `Product_ID` INT NOT NULL,
    `Branch_ID` INT NOT NULL,
    `Employee_ID` INT NOT NULL,
    `Total_Sales` INT NOT NULL,
    `Sales_By_Branch` INT NOT NULL,
    `Sales_By_Employee` INT NOT NULL,
    `Total_Sales_Amount` NUMERIC(17, 13) NOT NULL,
	PRIMARY KEY (`Sales_ID`),
	FOREIGN KEY (`Product_ID`) REFERENCES `Products` (`Product_ID`),
	FOREIGN KEY (`Branch_ID`) REFERENCES `Branches` (`Branch_ID`),
	FOREIGN KEY (`Employee_ID`) REFERENCES `Employees` (`Employee_ID`)
);

LOCK TABLES `Sales` WRITE;
INSERT INTO `Sales` VALUES (301,102,10,207,33,25,37,3477.21),
	(302,120,15,223,4,21,40,397.88),
	(303,103,11,205,31,11,36,2554.4),
	(304,107,13,223,47,7,34,5652.69),
	(305,107,1,223,3,12,11,360.81),
	(306,120,3,218,32,10,15,3183.04),
	(307,116,14,209,31,44,27,4280.48),
	(308,102,14,205,14,30,5,1475.18),
	(309,107,12,201,13,32,44,1563.51),
	(310,102,4,216,32,22,49,3371.84),
	(311,109,5,205,45,48,47,3875.4),
	(312,106,15,228,9,13,42,1087.56),
	(313,102,3,217,2,4,13,210.74),
	(314,115,3,232,47,25,17,4826.900000000001),
	(315,115,12,216,5,19,45,513.5),
	(316,114,2,231,17,29,8,664.02),
	(317,109,13,217,15,45,36,1291.8),
	(318,106,9,229,11,45,42,1329.24),
	(319,111,11,229,36,48,43,1442.52),
	(320,119,9,202,32,13,11,3058.24),
	(321,117,10,219,46,42,26,4877.84),
	(322,114,9,224,34,5,49,1328.04),
	(323,118,3,204,37,32,30,920.19),
	(324,120,7,213,30,5,14,2984.1),
	(325,107,5,209,6,26,49,721.62),
	(326,112,7,231,5,29,33,659.3000000000001),
	(327,105,12,219,9,36,34,236.79),
	(328,116,3,230,47,34,14,6489.76),
	(329,105,8,231,49,20,1,1289.19),
	(330,113,12,226,5,20,8,462.85),
	(331,106,8,202,35,12,20,4229.400000000001),
	(332,109,4,216,8,36,1,688.96),
	(333,111,5,211,32,26,35,1282.24),
	(334,106,8,209,2,48,27,241.68),
	(335,117,6,217,40,8,13,4241.6),
	(336,110,3,228,1,8,12,39.23),
	(337,112,5,221,20,2,33,2637.2),
	(338,107,15,204,4,34,17,481.08),
	(339,101,14,208,15,35,22,1957.5),
	(340,113,4,201,38,31,14,3517.66),
	(341,114,1,211,29,20,49,1132.74),
	(342,108,16,203,47,2,13,1176.41),
	(343,102,6,210,41,16,19,4320.17),
	(344,109,14,203,37,10,41,3186.44),
	(345,113,15,216,27,42,10,2499.39),
	(346,108,2,208,28,35,6,700.84),
	(347,108,11,213,2,26,7,50.06),
	(348,102,13,222,41,7,43,4320.17),
	(349,117,6,219,8,15,24,848.32),
	(350,119,4,231,11,17,14,1051.27),
	(351,120,6,207,35,38,11,3481.45),
	(352,113,8,218,23,34,22,2129.11),
	(353,120,9,201,42,24,44,4177.74),
	(354,111,7,231,31,23,17,1242.17),
	(355,103,5,207,40,48,20,3296),
	(356,108,4,216,6,27,23,150.18),
	(357,118,11,207,17,38,1,422.79),
	(358,119,7,211,49,5,29,4682.929999999999),
	(359,119,2,204,24,36,16,2293.68),
	(360,120,13,206,12,31,33,1193.64),
	(361,115,12,221,15,8,34,1540.5),
	(362,111,12,202,4,47,26,160.28),
	(363,108,2,232,40,33,6,1001.2),
	(364,119,4,219,6,5,12,573.42),
	(365,103,8,210,21,40,2,1730.4),
	(366,102,13,210,39,19,8,4109.43),
	(367,117,4,225,43,10,9,4559.72),
	(368,103,15,207,41,14,30,3378.4),
	(369,102,16,225,5,25,27,526.85),
	(370,119,4,224,16,11,15,1529.12),
	(371,117,12,222,46,26,44,4877.84),
	(372,102,10,201,43,41,7,4530.91),
	(373,111,2,219,1,41,46,40.07),
	(374,106,10,230,16,32,36,1933.44),
	(375,101,12,231,29,15,20,3784.5),
	(376,110,14,231,3,24,9,117.69),
	(377,118,9,211,10,38,27,248.7),
	(378,106,11,211,19,21,15,2295.96),
	(379,103,10,205,31,28,23,2554.4),
	(380,119,9,224,5,8,25,477.85),
	(381,102,14,207,24,20,15,2528.88),
	(382,114,5,203,46,12,6,1796.76),
	(383,109,10,218,49,2,9,4219.88),
	(384,106,6,219,26,15,7,3141.84),
	(385,116,12,220,24,9,43,3313.92),
	(386,119,4,231,7,35,42,668.99),
	(387,119,11,205,33,45,47,3153.81),
	(388,110,10,221,40,24,13,1569.2),
	(389,118,16,231,32,25,21,795.84),
	(390,119,2,222,44,35,12,4205.08),
	(391,120,14,222,49,44,11,4874.03),
	(392,117,9,227,13,19,28,1378.52),
	(393,111,15,224,39,12,36,1562.73),
	(394,120,12,205,49,36,45,4874.03),
	(395,107,6,228,42,33,24,5051.34),
	(396,102,2,211,47,16,19,4952.39),
	(397,117,13,216,24,28,21,2544.96),
	(398,109,14,216,47,29,24,4047.64),
	(399,107,3,214,11,13,14,1322.97),
	(400,116,4,207,39,42,36,5385.120000000001),
	(401,117,10,224,2,12,24,212.08),
	(402,120,7,209,6,33,43,596.8199999999999),
	(403,102,7,214,28,40,21,2950.36),
	(404,111,8,203,47,8,23,1883.29),
	(405,107,2,208,47,49,42,5652.69),
	(406,112,3,210,37,37,19,4878.820000000001),
	(407,107,8,202,1,41,9,120.27),
	(408,104,8,229,33,17,37,2868.03),
	(409,109,1,203,19,14,14,1636.28),
	(410,104,14,223,10,8,7,869.0999999999999),
	(411,102,14,227,9,35,43,948.33),
	(412,105,11,207,9,27,18,236.79),
	(413,106,15,223,39,6,40,4712.76),
	(414,104,13,230,21,3,34,1825.11),
	(415,109,7,232,10,12,1,861.2),
	(416,111,16,228,21,13,2,841.47),
	(417,113,13,229,3,42,16,277.71),
	(418,103,11,203,13,5,10,1071.2),
	(419,104,3,216,21,34,44,1825.11),
	(420,112,4,231,24,22,19,3164.64),
	(421,108,1,215,14,30,7,350.42),
	(422,118,10,203,11,43,32,273.57),
	(423,105,3,212,40,16,29,1052.4),
	(424,110,1,232,28,1,30,1098.44),
	(425,120,6,207,24,39,4,2387.28),
	(426,116,6,222,5,35,40,690.4000000000001),
	(427,115,11,215,23,19,8,2362.1),
	(428,109,11,209,42,8,23,3617.04),
	(429,113,5,209,41,6,3,3795.37),
	(430,109,6,232,3,10,11,258.36),
	(431,112,3,217,26,31,18,3428.360000000001),
	(432,116,7,230,40,11,46,5523.200000000001),
	(433,114,1,229,7,27,4,273.42),
	(434,119,12,208,30,7,11,2867.1),
	(435,119,12,222,37,47,5,3536.09),
	(436,119,4,213,29,9,21,2771.53),
	(437,120,12,212,32,47,4,3183.04),
	(438,113,9,202,4,5,23,370.28),
	(439,113,7,202,14,38,40,1295.98),
	(440,120,14,226,30,3,25,2984.1),
	(441,103,13,230,43,17,4,3543.2),
	(442,116,2,207,21,31,11,2899.68),
	(443,105,10,219,5,41,42,131.55),
	(444,105,6,210,6,32,21,157.86),
	(445,120,3,207,15,42,28,1492.05),
	(446,105,14,226,34,30,5,894.54),
	(447,117,13,220,20,6,29,2120.8),
	(448,117,1,228,12,2,18,1272.48),
	(449,102,4,231,6,4,43,632.22),
	(450,102,15,214,33,4,7,3477.21),
	(451,117,2,207,17,47,15,1802.68),
	(452,115,4,232,32,38,9,3286.4),
	(453,109,7,211,36,28,12,3100.32),
	(454,108,3,213,44,47,16,1101.32),
	(455,117,6,201,2,34,11,212.08),
	(456,111,14,220,28,24,9,1121.96),
	(457,120,2,231,35,21,5,3481.45),
	(458,106,13,220,17,24,44,2054.28),
	(459,107,15,211,27,20,5,3247.29),
	(460,108,13,205,47,16,30,1176.41),
	(461,119,7,217,45,49,11,4300.65),
	(462,119,1,220,37,27,49,3536.09),
	(463,102,1,203,14,49,30,1475.18),
	(464,119,2,220,17,37,27,1624.69),
	(465,101,11,231,31,21,15,4045.5),
	(466,104,1,206,11,6,23,956.01),
	(467,116,3,227,3,26,47,414.24),
	(468,110,15,220,2,4,36,78.46),
	(469,101,4,213,25,27,39,3262.5),
	(470,101,12,208,9,44,40,1174.5),
	(471,120,8,208,42,37,2,4177.74),
	(472,117,2,229,38,16,8,4029.52),
	(473,115,3,204,47,18,21,4826.900000000001),
	(474,109,15,222,12,27,48,1033.44),
	(475,105,15,212,27,46,28,710.37),
	(476,106,11,231,38,21,33,4591.92),
	(477,104,14,220,15,23,17,1303.65),
	(478,108,8,216,20,16,26,500.6),
	(479,117,2,210,39,42,49,4135.56),
	(480,117,15,223,31,3,32,3287.24),
	(481,105,15,202,36,13,15,947.16),
	(482,109,3,221,46,40,26,3961.52),
	(483,102,7,217,15,24,43,1580.55),
	(484,117,15,218,42,2,17,4453.68),
	(485,118,2,206,7,26,33,174.09),
	(486,110,8,204,44,42,2,1726.12),
	(487,101,12,206,37,16,46,4828.5),
	(488,102,6,218,37,36,33,3898.69),
	(489,106,16,232,45,1,8,5437.8),
	(490,118,7,202,32,37,48,795.84),
	(491,114,1,231,1,18,16,39.06),
	(492,108,2,206,49,3,9,1226.47),
	(493,106,6,208,45,48,7,5437.8),
	(494,120,8,218,7,33,21,696.29),
	(495,118,10,206,34,6,2,845.58),
	(496,107,7,223,23,3,31,2766.21),
	(497,114,12,210,31,19,29,1210.86),
	(498,106,12,217,49,47,17,5921.16),
	(499,106,1,230,43,1,18,5196.12),
	(500,117,11,218,41,35,41,4347.64);
UNLOCK TABLES;

DROP TABLE IF EXISTS `Profits`;

CREATE TABLE `Profits` (
    `Product_ID` INT NOT NULL,
    `Branch_ID` INT NOT NULL,
    `Employee_ID` INT NOT NULL,
    `Total_Profit` NUMERIC(5, 2) NOT NULL,
    `Profit_By_Branch` NUMERIC(5, 2) NOT NULL,
    `Profit_By_Employee` NUMERIC(5, 2) NOT NULL,
	FOREIGN KEY (`Product_ID`) REFERENCES `Products` (`Product_ID`),
	FOREIGN KEY (`Branch_ID`) REFERENCES `Branches` (`Branch_ID`),
	FOREIGN KEY (`Employee_ID`) REFERENCES `Employees` (`Employee_ID`)
);
LOCK TABLES `Profits` WRITE;
INSERT INTO `Profits` VALUES (102,10,207,289.65,146.18,110.07),
	(120,15,223,33.14,16.77,7.88),
	(103,11,205,212.78,163.98,82.73),
	(107,13,223,470.86,435.44,183.27),
	(107,1,223,30.05,23.52,6.44),
	(120,3,218,265.14,186.91,120.77),
	(116,14,209,356.56,306.83,162.85),
	(102,14,205,122.88,83.82,23.57),
	(107,12,201,130.24,83.26,47.52),
	(102,4,216,280.87,247.17,72.1),
	(109,5,205,322.82,162.32,51.93),
	(106,15,228,90.59,86.19,34.9),
	(102,3,217,17.55,17.09,8.08),
	(115,3,232,402.07,400.41,177.17),
	(115,12,216,42.77,24.21,7.51),
	(114,2,231,55.31,39.04,14.54),
	(109,13,217,107.61,101.05,39.97),
	(106,9,229,110.72,63.54,38.63),
	(111,11,229,120.16,72.8,47.7),
	(119,9,202,254.75,200.03,73.03),
	(117,10,219,406.32,338.59,148.27),
	(114,9,224,110.62,72.58,32.46),
	(118,3,204,76.65,60.02,17.52),
	(120,7,213,248.57,247.68,80.41),
	(107,5,209,60.11,33.57,12),
	(112,7,231,54.92,42.42,14.73),
	(105,12,219,19.72,13.71,7.92),
	(116,3,230,540.59,525.47,253.46),
	(105,8,231,107.39,81.56,35.49),
	(113,12,226,38.55,32.75,5.12),
	(106,8,202,352.3,291.29,75.74),
	(109,4,216,57.39,41.37,18.56),
	(111,5,211,106.81,78.11,37.71),
	(106,8,209,20.13,14.93,7.05),
	(117,6,217,353.32,311.91,72.85),
	(110,3,228,3.27,3.22,1.28),
	(112,5,221,219.68,152.01,65.35),
	(107,15,204,40.07,25.14,14.47),
	(101,14,208,163.06,102.85,75.3),
	(113,4,201,293.02,281.18,85.4),
	(114,1,211,94.36,85.26,33.25),
	(108,16,203,97.99,68.34,24.23),
	(102,6,210,359.86,240.26,127.97),
	(109,14,203,265.43,143.51,99.74),
	(113,15,216,208.2,137.74,72.03),
	(108,2,208,58.38,41.41,19.1),
	(108,11,213,4.17,3.77,1.76),
	(102,13,222,359.86,319.48,105.76),
	(117,6,219,70.66,43.73,26.5),
	(119,4,231,87.57,45.62,31.49),
	(120,6,207,290,153.28,121.1),
	(113,8,218,177.35,139.97,23.95),
	(120,9,201,348,220.33,162.79),
	(111,7,231,103.47,66.77,42.19),
	(103,5,207,274.55,221.55,107.04),
	(108,4,216,12.51,9.32,1.93),
	(118,11,207,35.22,20.85,7.44),
	(119,7,211,390.08,350.81,156.98),
	(119,2,204,191.06,170.65,54.42),
	(120,13,206,99.43,92.81,32.53),
	(115,12,221,128.32,77.8,26.48),
	(111,12,202,13.35,11.85,1.55),
	(108,2,232,83.4,59.08,37.07),
	(119,4,219,47.77,39.2,7.54),
	(103,8,210,144.14,89.83,48.72),
	(102,13,210,342.31,203.02,83.24),
	(117,4,225,379.82,317.41,47.13),
	(103,15,207,281.42,219.97,69.35),
	(102,16,225,43.89,26.2,18.54),
	(119,4,224,127.37,126.33,41.74),
	(117,12,222,406.32,294.89,168.34),
	(102,10,201,377.42,275.43,146.23),
	(111,2,219,3.34,2.34,0.35),
	(106,10,230,161.05,132,41.46),
	(101,12,231,315.24,175.14,92.66),
	(110,14,231,9.8,7.94,3.01),
	(118,9,211,20.72,19.68,6.88),
	(106,11,211,191.25,152.56,66.67),
	(103,10,205,212.78,195.52,78.45),
	(119,9,224,39.8,22.24,13.64),
	(102,14,207,210.65,175.65,29.31),
	(114,5,203,149.67,75.19,21.69),
	(109,10,218,351.51,225.98,68.39),
	(106,6,219,261.71,229.61,65.84),
	(116,12,220,276.05,150.07,108.72),
	(119,4,231,55.73,41.95,18.02),
	(119,11,205,262.71,211.18,50.16),
	(110,10,221,130.71,103.02,58.19),
	(118,16,231,66.29,44.68,30.6),
	(119,2,222,350.28,303.05,112.06),
	(120,14,222,406,376.32,78.06),
	(117,9,227,114.83,101.91,20.43),
	(111,15,224,130.17,72.87,27.57),
	(120,12,205,406,341.46,103.05),
	(107,6,228,420.77,352.39,149.15),
	(102,2,211,412.53,344.83,73.93),
	(117,13,216,211.99,167.3,27.25),
	(109,14,216,337.16,288,104.66),
	(107,3,214,110.2,70.81,38.28),
	(116,4,207,448.57,362.65,222.94),
	(117,10,224,17.67,15.59,7.33),
	(120,7,209,49.71,28.24,20.22),
	(102,7,214,245.76,245.38,83.74),
	(111,8,203,156.88,78.61,43.63),
	(107,2,208,470.86,350.4,181.09),
	(112,3,210,406.4,223.95,140.77),
	(107,8,202,10.02,7.03,1.57),
	(104,8,229,238.9,220.38,41.69),
	(109,1,203,136.3,118.64,18.39),
	(104,14,223,72.39,63.97,22.63),
	(102,14,227,78.99,78.96,38.64),
	(105,11,207,19.72,11.29,4.18),
	(106,15,223,392.57,278.54,190.23),
	(104,13,230,152.03,87.3,75.22),
	(109,7,232,71.74,57.74,17.13),
	(111,16,228,70.09,58.04,20.79),
	(113,13,229,23.13,12.99,5.95),
	(103,11,203,89.23,55.3,35.4),
	(104,3,216,152.03,117.71,50.72),
	(112,4,231,263.61,262.21,108.7),
	(108,1,215,29.19,21.38,8.76),
	(118,10,203,22.79,15.51,5.93),
	(105,3,212,87.66,66.03,27.86),
	(110,1,232,91.5,65.8,26.98),
	(120,6,207,198.86,161.39,96.04),
	(116,6,222,57.51,31.06,21.96),
	(115,11,215,196.76,151.56,28.01),
	(109,11,209,301.29,251.44,120.86),
	(113,5,209,316.15,258.22,148.96),
	(109,6,232,21.52,18.3,6.76),
	(112,3,217,285.58,170.4,61.37),
	(116,7,230,460.08,458.26,73.21),
	(114,1,229,22.78,19.73,2.62),
	(119,12,208,238.83,221.88,93.99),
	(119,12,222,294.55,197.32,68.43),
	(119,4,213,230.86,194.59,72.3),
	(120,12,212,265.14,179.58,114.55),
	(113,9,202,30.84,20.05,12.38),
	(113,7,202,107.95,56.01,15.39),
	(120,14,226,248.57,175.52,52.99),
	(103,13,230,295.14,238.93,71.84),
	(116,2,207,241.54,124.58,87.54),
	(105,10,219,10.96,6.7,2),
	(105,6,210,13.15,7.14,1.48),
	(120,3,207,124.29,64.9,32.3),
	(105,14,226,74.51,40.86,17.63),
	(117,13,220,176.66,122.93,77.13),
	(117,1,228,106,102.02,38.99),
	(102,4,231,52.66,51.19,20.04),
	(102,15,214,289.65,243.06,56.34),
	(117,2,207,150.16,93.88,25.74),
	(115,4,232,273.75,249.04,63.45),
	(109,7,211,258.25,233.56,109.91),
	(108,3,213,91.74,49.84,29.24),
	(117,6,201,17.67,10.26,5.27),
	(111,14,220,93.46,69.38,24.79),
	(120,2,231,290,188.69,54.96),
	(106,13,220,171.12,109.2,33.92),
	(107,15,211,270.49,247.77,96.97),
	(108,13,205,97.99,63.07,12.53),
	(119,7,217,358.24,218.17,59.87),
	(119,1,220,294.55,181.69,45.63),
	(102,1,203,122.88,64.48,14.91),
	(119,2,220,135.33,91.61,46.2),
	(101,11,231,336.98,225.93,75.39),
	(104,1,206,79.63,44.27,30.37),
	(116,3,227,34.51,25.51,7.76),
	(110,15,220,6.54,5.23,3.09),
	(101,4,213,271.76,146.44,29.88),
	(101,12,208,97.83,97.32,21.76),
	(120,8,208,348,187.46,161.65),
	(117,2,229,335.65,288.44,120.9),
	(115,3,204,402.07,207.85,83.5),
	(109,15,222,86.08,60.63,10.68),
	(105,15,212,59.17,32.36,25.42),
	(106,11,231,382.5,292.28,92.86),
	(104,14,220,108.59,85.02,40.85),
	(108,8,216,41.7,37.97,17.75),
	(117,2,210,344.49,320.08,50.11),
	(117,15,223,273.82,229.23,115.37),
	(105,15,202,78.9,67.94,28.12),
	(109,3,221,329.99,254.84,112.15),
	(102,7,217,131.66,97.61,59.83),
	(117,15,218,370.99,266.75,66.41),
	(118,2,206,14.5,7.98,5.37),
	(110,8,204,143.78,74.62,49.48),
	(101,12,206,402.21,288.07,42.19),
	(102,6,218,324.76,179,130.65),
	(106,16,232,452.96,256.05,162.95),
	(118,7,202,66.29,53.07,10.44),
	(114,1,231,3.25,2.28,0.62),
	(108,2,206,102.16,60.1,19.86),
	(106,6,208,452.96,228.34,137.27),
	(120,8,218,58,36.99,14.9),
	(118,10,206,70.44,53.21,7.45),
	(107,7,223,230.42,119.43,73.71),
	(114,12,210,100.86,60.4,17.54),
	(106,12,217,493.22,482.59,78.29),
	(106,1,230,432.83,224.3,100.57),
	(117,11,218,362.15,321.18,62.15);
UNLOCK TABLES;